Tarih,Open,High,Low,Close,Volume
2023-08-01,46.36966307349115,46.808809981833214,45.9375063312931,46.41657257080078,237858000
2023-08-02,45.74189331269121,45.75087468728102,43.302644871740895,44.18292999267578,530142000
2023-08-03,43.71483401069051,45.030272068122756,43.71483401069051,44.428443908691406,324176000
2023-08-04,44.897535492129286,45.55325576078865,44.30668747221976,44.5931282043457,362666000
2023-08-07,45.02329239286848,45.45145915668349,44.47635751419299,45.328697204589844,322154000
2023-08-08,44.76579541158173,45.15403903929904,43.970344091683025,44.57716369628906,353843000
2023-08-09,44.187917131866904,44.22584525940291,42.05207850406444,42.47126388549805,586449000
2023-08-10,42.07803800548034,43.48929055749267,41.75366906562571,42.30559539794922,492705000
2023-08-11,41.66981614067662,41.93629907044149,40.5599788718329,40.77555847167969,533085000
2023-08-14,40.40728777661957,43.71484392430669,40.23262877049562,43.66793441772461,690286000
2023-08-15,44.473373527514866,45.1799973073712,43.62502370424668,43.854576110839844,676512000
2023-08-16,44.43343721611258,44.588134620821634,43.321601018047524,43.40144729614258,527451000
2023-08-17,43.884505920253574,43.97632609118521,42.91738827793847,43.25972366333008,452395000
2023-08-18,42.55209903416188,43.49326626137414,41.57899634242321,43.21480941772461,583768000
2023-08-21,44.4074878070853,46.9734880439128,44.13601730847926,46.87567901611328,692573000
2023-08-22,48.04141091720703,48.09331176452581,45.24486061801989,45.57920837402344,755293000
2023-08-23,45.77682903768783,47.10823512648874,45.12010736864763,47.02439880371094,779046000
2023-08-24,50.11836604551162,50.16826807045973,47.06731047667301,47.0713005065918,1156044000
2023-08-25,46.92059855717943,47.71205604609622,44.93646092899701,45.928531646728516,925341000
2023-08-28,46.3916241394205,46.88865698143186,44.800725372190506,46.74393844604492,685192000
2023-08-29,46.575266020642104,48.985571364963455,46.30079918990067,48.68914794921875,701397000
2023-08-30,48.94863943193041,49.82992198159772,48.330843509784565,49.168212890625,735206000
2023-08-31,49.28399374905417,49.64728445636799,48.86281334141854,49.25904083251953,528570000
2023-09-01,49.665238548597735,49.7031628603495,48.04838590640615,48.4146728515625,463830000
2023-09-05,48.129240595849275,48.75602175102256,47.76694740479326,48.453609466552734,382653000
2023-09-06,48.350797071158595,48.45859385625443,46.49326248710991,46.973365783691406,468670000
2023-09-07,45.440229441727205,46.25770462589442,45.067922908266546,46.1548957824707,433330000
2023-09-08,45.856458279277405,46.519219579428515,45.186706235848995,45.487144470214844,473069000
2023-09-11,46.062063171640766,46.07703462980452,44.229483586598796,45.0938720703125,473966000
2023-09-12,44.6546914479524,45.587951736657104,44.44807617569655,44.78644561767578,349256000
2023-09-13,44.516948715229006,45.844473946840324,44.420129217307256,45.40030288696289,398355000
2023-09-14,45.864436629731664,45.90136648262812,45.04696145729557,45.496124267578125,370097000
2023-09-15,45.25656332752661,45.514082288276775,43.726417212467545,43.8182487487793,506831000
2023-09-18,42.66839815481211,44.15961559349167,41.921789942113186,43.88412857055664,500271000
2023-09-19,43.751381753727316,43.88413352477652,42.92192782259573,43.43896484375,373064000
2023-09-20,43.51881278602881,43.82124998391259,42.14437793528599,42.16034698486328,367108000
2023-09-21,41.50556449339025,42.02160003234205,40.90368675780257,40.940616607666016,450736000
2023-09-22,41.494589042058344,42.0365810200349,41.154224400495224,41.53252029418945,479236000
2023-09-25,41.5135611839681,42.45680138074449,41.10033054981687,42.14338684082031,419091000
2023-09-26,41.92278314195725,42.740258203916966,41.57742680988832,41.832950592041016,402282000
2023-09-27,42.2511801171412,42.79217068875673,41.55148521974545,42.388919830322266,444935000
2023-09-28,42.38093579889095,43.36509986355093,42.03658080053992,43.008766174316406,424663000
2023-09-29,43.74539144535937,44.061802514667,43.226359256277895,43.41800308227539,397830000
2023-10-02,43.94801356401108,45.09088199561907,43.77932952657343,44.69861602783203,433298000
2023-10-03,44.7245629218231,45.045965740925496,43.16547120468859,43.43596649169922,470850000
2023-10-04,43.660548982906214,44.06080325905543,43.21138616245394,43.95899200439453,361821000
2023-10-05,43.967973455641534,44.816392949836604,43.80627636575413,44.60478591918945,393483000
2023-10-06,44.11070969679084,45.70373848025028,43.9440208476475,45.676788330078125,434436000
2023-10-09,44.75850060605626,45.520080342411596,44.28538419676615,45.188697814941406,409675000
2023-10-10,45.22563248789511,46.17286291728584,45.00404573819931,45.71272277832031,368582000
2023-10-11,46.109973069324404,46.77174044276166,45.964245041548175,46.71883773803711,378137000
2023-10-12,46.68989566086201,47.52034710135052,46.24372943331202,46.857582092285156,481325000
2023-10-13,46.87255982126832,47.02827139098628,45.19568766753486,45.37635040283203,474115000
2023-10-16,44.9790832052808,46.13891807478204,44.82836342341364,46.00916290283203,375099000
2023-10-17,43.91807456153945,44.670672271855,42.40090425613856,43.8561897277832,812333000
2023-10-18,42.51168892025405,43.13852165493323,41.74711648202066,42.11742401123047,627294000
2023-10-19,42.731286777485096,43.216381906827145,41.8040157217801,42.02260971069336,501233000
2023-10-20,41.81199440818419,42.39091619548763,41.00150619051564,41.309932708740234,477266000
2023-10-23,41.15222297578524,43.16746417608584,40.868751447845426,42.89496994018555,478530000
2023-10-24,42.99679194298043,43.61563646063165,42.611512883812075,43.58169937133789,401463000
2023-10-25,43.31718712471628,43.56872058494652,41.477620479123594,41.701202392578125,398379000
2023-10-26,41.77506880872993,42.177318286010724,39.80574303401105,40.250911712646484,541001000
2023-10-27,41.0534152286562,41.12927392659706,39.94048973150051,40.42458724975586,416784000
2023-10-30,41.01049469201982,41.68822738791205,40.405620307517786,41.084354400634766,388028000
2023-10-31,40.37467987980174,40.802881903079644,39.1569503913023,40.704063415527344,517969000
2023-11-01,40.80786677095721,42.30208077870125,40.79289531240805,42.246185302734375,437593000
2023-11-02,43.24732164549146,43.802286120371775,42.81413164942189,43.424991607666016,409172000
2023-11-03,43.93803330221259,45.22463078266812,43.641585445769095,44.921199798583984,424610000
2023-11-06,45.20067395834923,45.849465106470674,44.815391150878824,45.66580581665039,400733000
2023-11-07,45.63387372397261,46.13194133469671,45.07391747451028,45.86943435668945,343165000
2023-11-08,46.014157765591044,46.77973167159943,45.882403587242706,46.48727798461914,346719000
2023-11-09,47.3786111235174,48.14019083451283,46.662947187934414,46.86257553100586,540496000
2023-11-10,47.41155087354873,48.38174104695151,47.194955890683396,48.2449951171875,421245000
2023-11-13,48.23002031531456,49.02453947075824,48.009431181663935,48.52946090698242,384136000
2023-11-14,49.58749879696626,49.74121138705151,48.94869105201251,49.563541412353516,416954000
2023-11-15,49.8420139297863,49.86696509098912,48.11024418489581,48.79696273803711,475497000
2023-11-16,48.58836351173286,49.43278898125674,48.24001430327831,49.38787078857422,339756000
2023-11-17,49.43178055903223,49.62442196935827,48.915744960766254,49.20620346069336,325205000
2023-11-20,49.22017851068948,50.453877068941594,49.08942192234672,50.31513595581055,414120000
2023-11-21,50.03265822480747,50.42292897370047,49.130342262240724,49.85099792480469,565747000
2023-11-22,49.7591723537565,50.2412708632355,47.6011956303171,48.62528610229492,899420000
2023-11-24,48.37974251431558,48.829902895158824,47.656090292901155,47.687034606933594,294645000
2023-11-27,47.71098998988454,48.4396301867081,47.5632667713432,48.15216827392578,395662000
2023-11-28,48.14618466607588,48.23302446932741,47.3846048841161,47.731956481933594,401491000
2023-11-29,48.288918833586436,48.67120510025969,47.770884217997974,48.05036163330078,382005000
2023-11-30,47.934577593167546,48.02041980667685,46.33556313621097,46.68291473388672,526247000
2023-12-01,46.43837031596677,47.11211268040661,46.10099843511436,46.677921295166016,369317000
2023-12-04,45.99119649745045,45.99119649745045,44.92618209165027,45.42525100708008,437543000
2023-12-05,45.385328820380614,46.51731562556562,45.19067511548695,46.48337936401367,371718000
2023-12-06,47.13122044302318,47.302916124514056,45.33141833887503,45.42225646972656,380590000
2023-12-07,45.618910872891085,46.54626331215597,45.52308054469381,46.51332092285156,350823000
2023-12-08,46.5123243077979,47.65629078492983,46.467402174460815,47.42170715332031,359224000
2023-12-11,47.40674269328456,47.44666883134117,45.748690336704186,46.544273376464844,509728000
2023-12-12,45.96430689603469,47.581431635575925,45.96430689603469,47.57244873046875,372387000
2023-12-13,47.54449269431196,48.50778063121328,47.52353004634861,48.00267791748047,447792000
2023-12-14,48.30413968812158,48.58364165791398,47.337858729747325,48.26420974731445,391232000
2023-12-15,48.10848518903452,49.31633726064535,48.034615184125286,48.80324935913086,479948000
2023-12-18,49.31235079913167,50.34351507731144,49.062794375670336,49.9881477355957,412587000
2023-12-19,49.33630266590499,49.61181391094036,48.80824198487287,49.51598358154297,464444000
2023-12-20,49.5668939044448,49.91028529819524,48.012657344636494,48.025634765625,397894000
2023-12-21,48.72439672866285,49.00789323083867,48.33309014213933,48.903079986572266,300425000
2023-12-22,49.10770114270076,49.295367254790726,48.38099236893777,48.743350982666016,252507000
2023-12-26,48.88111364335506,49.51199224313979,48.87312841671405,49.19156265258789,244200000
2023-12-27,49.42315398247824,49.59185284551433,48.997907338293054,49.32931900024414,233648000
2023-12-28,49.55491912329638,49.79548883206165,49.324326187941345,49.43413162231445,246587000
2023-12-29,49.72461566156116,49.90829110638661,48.664499712290464,49.43413162231445,389293000
2024-01-02,49.1566219566508,49.20753015338818,47.51054964423797,48.0825309753418,411254000
2024-01-03,47.40074566328975,48.09850289557728,47.23603751691528,47.484596252441406,320896000
2024-01-04,47.68224504410837,48.413946184142475,47.42370571637504,47.912837982177734,306535000
2024-01-05,48.37601604637922,49.459090025386296,48.22029079492016,49.0098876953125,415039000
2024-01-08,49.424151981929796,52.18225008334284,49.39120958940494,52.16028594970703,642510000
2024-01-09,52.308031854280586,54.22861810717389,51.598290954841644,53.045719146728516,773100000
2024-01-10,53.52086794542818,54.50311934146144,53.39409057576156,54.253562927246094,533796000
2024-01-11,54.9014155282273,55.247799966123495,53.46496957614301,54.724727630615234,596759000
2024-01-12,54.52308221048439,54.872463461679565,54.23359967517569,54.61292266845703,352994000
2024-01-16,54.920385030235444,56.734158722808395,54.80259436306696,56.28196334838867,449580000
2024-01-17,56.24702168282456,56.37080221365978,54.642874592370525,55.95354461669922,474394000
2024-01-18,57.15840086229008,57.497797746406825,56.00744677307047,57.005672454833984,491650000
2024-01-19,57.88611068736901,59.394431360297894,57.12346628511491,59.38544845581055,543501000
2024-01-22,59.94245635666948,60.223957503871716,58.96519328035112,59.54815673828125,452955000
2024-01-23,59.46430561582059,59.803702511682395,58.48105267598879,59.76676940917969,294654000
2024-01-24,60.197006547482026,62.73748925623283,59.83165479543139,61.25312805175781,560271000
2024-01-25,62.23936480631996,62.60771334377325,60.74202640224238,61.507667541503906,482777000
2024-01-26,60.85184105783135,61.67338271174931,60.46553046315559,60.92271423339844,390309000
2024-01-29,61.12335021592604,62.37811980223714,60.798929932553925,62.354164123535156,348733000
2024-01-30,62.78839260190601,63.38033889790534,62.14952501071203,62.66261291503906,410735000
2024-01-31,61.330983989988475,62.15851544921119,60.59229912426738,61.41783142089844,453795000
2024-02-01,61.98981538927627,63.07888305643791,61.54061686379006,62.9151725769043,369146000
2024-02-02,63.8604917267368,66.48183193924027,63.57699522405565,66.04261779785156,476578000
2024-02-05,68.10394628020288,69.37369252800232,67.08575942583846,69.208984375,680078000
2024-02-06,69.50645284574946,69.630233381063,66.18236704818828,68.1019515991211,683111000
2024-02-07,68.19778404882926,70.09541214076467,67.48005798042527,69.97462463378906,495575000
2024-02-08,69.94966354395652,70.66838724943909,69.33176617612584,69.5174331665039,414422000
2024-02-09,70.40785287358678,72.05692221360141,70.08742326576261,72.00502014160156,436637000
2024-02-12,72.47118484090161,74.4786183227707,71.1235816589561,72.11981201171875,613710000
2024-02-13,70.27508457037247,73.31966811582932,69.49646981196616,72.00001525878906,602580000
2024-02-14,73.0721231436502,74.10428513350574,71.81036588559786,73.76888275146484,504917000
2024-02-15,73.73794078168315,73.84374789733648,72.27154539670707,72.52908325195312,420122000
2024-02-16,73.96851471281462,74.2699807907232,72.37235296886776,72.4841537475586,495327000
2024-02-20,71.81934960299229,71.82833631589585,67.61382690331146,69.32878112792969,704833000
2024-02-21,67.88533642606332,68.76577530674938,66.13045996080022,67.35228729248047,673755000
2024-02-22,74.89189836868567,78.4355956825634,74.0883262285213,78.39866638183594,865100000
2024-02-23,80.64665337566204,82.24780364536768,77.4323654765101,78.67715454101562,829388000
2024-02-26,79.55858308487059,80.5029113343283,78.36570371037314,78.95166778564453,503973000
2024-02-27,79.24015705268404,79.338988045559,77.02509990421383,78.56136322021484,391705000
2024-02-28,77.48226929356848,78.79293534780788,76.98814490868608,77.52519226074219,393110000
2024-02-29,78.95366810218512,79.84807446200602,78.2109848648127,78.97163391113281,507289000
2024-03-01,79.8580626053772,82.15398495162512,79.29406260115205,82.13301849365234,479135000
2024-03-04,83.98071640863849,87.5393930852347,83.57045019844777,85.08575439453125,615616000
2024-03-05,85.12269695886387,85.94827183043155,83.27290109267872,85.81549835205078,520639000
2024-03-06,87.86995321567885,89.56900902315816,86.87966241798968,88.5467758178711,582520000
2024-03-07,90.00224735235656,92.60674140930558,89.44720809741612,92.5089111328125,608119000
2024-03-08,94.97364703765751,97.23174040772027,86.35655527181379,87.37679290771484,1142269000
2024-03-11,86.27969121669621,88.64359662209651,84.02060015441661,85.62582397460938,678364000
2024-03-12,87.8969031445505,91.80114256968415,86.0011815049168,91.75422668457031,668075000
2024-03-13,90.89769122292586,91.34591302025892,88.2822148639796,90.7309799194336,635713000
2024-03-14,89.42225831640668,90.48941185201531,86.45039611721776,87.79207611083984,602318000
2024-03-15,86.77983369344113,89.39131202190967,86.10799973550625,87.68526458740234,642086000
2024-03-18,90.23185202169164,92.24536587684682,86.9345566695886,88.30219268798828,668976000
2024-03-19,86.5502309225731,90.38759254394184,84.86315541638959,89.24357604980469,672171000
2024-03-20,89.64187768825083,90.25382534481801,88.07059918494765,90.21588897705078,479063000
2024-03-21,92.14054202127372,92.4879403765992,90.24881163098036,91.27703094482422,480372000
2024-03-22,90.9835569272488,94.61427521165601,90.67708804781446,94.1261215209961,586719000
2024-03-25,93.77871885813295,96.59883562555477,93.34846365413705,94.83788299560547,552136000
2024-03-26,95.68540977780971,96.20850660908965,92.34219634403308,92.40109252929688,513648000
2024-03-27,92.95115660792449,93.07893385392306,88.96904884364167,90.09410095214844,586067000
2024-03-28,89.8445252112995,91.1422825108375,89.03892009399118,90.19991302490234,435212000
2024-04-01,90.14301673764523,92.06568455405531,89.0499070749777,90.20690155029297,452441000
2024-04-02,88.29520668047454,89.93836697964663,87.46864171818919,89.29747772216797,433064000
2024-04-03,88.33115142365672,90.21788597554938,88.24729689318218,88.81031799316406,370067000
2024-04-04,90.24982348069041,90.47743406262694,85.73164109008061,85.75659942626953,434965000
2024-04-05,86.71593914747515,88.32815477151372,85.77756814573236,87.85597229003906,399678000
2024-04-08,88.54676191015398,88.67654220104028,86.58216705957724,86.98247528076172,283220000
2024-04-09,87.29094090122678,87.4836082761363,82.87857850073121,85.20654296875,501700000
2024-04-10,83.78102746556362,87.24902545092569,83.56439945092491,86.8886489868164,431929000
2024-04-11,87.26897200773683,90.58223837088431,86.77582976459976,90.4594497680664,431637000
2024-04-12,89.54403999734934,90.01922323878227,87.37878828439109,88.03365325927734,426805000
2024-04-15,88.94407438415881,90.45645646962656,85.78055040974887,85.85242462158203,443077000
2024-04-16,86.28368645109244,87.965773191981,85.91532822119116,87.26399230957031,370453000
2024-04-17,88.18738725935935,88.62164096734257,83.80497167986917,83.88983154296875,495400000
2024-04-18,84.82320627802973,86.0410998135889,82.25964198597137,84.52471923828125,447260000
2024-04-19,83.00636595540483,84.17833393456459,75.47539894537725,76.06836700439453,875198000
2024-04-22,77.96907171420484,79.93467203595871,76.26802061217705,79.38063049316406,596341000
2024-04-23,80.62947459576492,82.62601974052421,80.1253496885507,82.2806167602539,438559000
2024-04-24,83.80498952587293,83.93676529898433,79.04622530465774,79.53937530517578,512208000
2024-04-25,78.73175253009703,83.1790583894206,78.08787011237102,82.4892578125,424641000
2024-04-26,83.67320929669376,88.17841379736606,83.24295407183207,87.58344268798828,551011000
2024-04-29,87.44369261843626,87.84000240637579,85.11871327693655,87.60541534423828,388971000
2024-04-30,87.08929643239856,88.66557118869024,86.15092540038592,86.25274658203125,363709000
2024-05-01,84.93002290842145,85.85142484392729,81.11461964994571,82.89753723144531,559863000
2024-05-02,84.30311392551386,86.08802721004574,83.05627099401435,85.66875457763672,377898000
2024-05-03,87.63734759857738,89.12676696706856,86.88964093377092,88.6356201171875,398341000
2024-05-06,89.23557796278553,92.06069095925291,88.90115758999175,91.98082733154297,376203000
2024-05-07,90.94062670307744,91.62244547206083,88.85723403089521,90.39756774902344,437342000
2024-05-08,89.32841761603471,91.03646035901207,89.26552291616532,90.25581359863281,325721000
2024-05-09,90.37260819958134,90.91466942223298,88.07858152551931,88.59368896484375,378013000
2024-05-10,90.14899684375659,91.24310415488777,89.07285618291228,89.72273254394531,335325000
2024-05-13,90.32169428450598,90.84080023922876,88.37606371894472,90.24283599853516,289680000
2024-05-14,89.44421267221655,91.49266969851776,88.78036057605543,91.19818115234375,296507000
2024-05-15,92.31226797545344,94.69813898318716,91.44077486128403,94.46653747558594,417735000
2024-05-16,94.74604980958085,95.65347613046144,93.94043705092355,94.19599914550781,323952000
2024-05-17,94.20598653059943,94.57634022771545,91.64741042469609,92.31924438476562,359691000
2024-05-20,93.58805245494568,95.03554461976276,93.27859039868353,94.61627197265625,318764000
2024-05-21,93.43730641374981,95.23519767784772,93.01903151729087,95.22122192382812,328946000
2024-05-22,95.29409598809328,95.85412388547536,93.08791463591838,94.78597259521484,548648000
2024-05-23,101.85174564222405,106.13633099300849,101.34461998726044,103.61968994140625,835065000
2024-05-24,104.2685576920773,106.29105867121642,102.82206339543845,106.28507232666016,429494000
2024-05-28,110.0535586136133,114.74044777454472,109.69318217417998,113.70423889160156,652728000
2024-05-29,112.85471267036033,115.29248791517858,110.70942292973874,114.62664031982422,557442000
2024-05-30,114.45194499585061,115.61892428256706,109.47356046717066,110.30911254882812,484553000
2024-05-31,112.32561724375552,112.52228313915187,106.75526253688238,109.44361114501953,613263000
2024-06-03,113.42472260342709,114.80133819580078,111.80951385006522,114.80133819580078,438392000
2024-06-04,115.51611513617264,116.39858317577006,113.84799638822281,116.2358627319336,403324000
2024-06-05,118.16651413530396,122.2374646244509,117.26507420610801,122.22848510742188,528402000
2024-06-06,123.83369734866147,125.37004011083056,118.11559592598994,120.78897094726562,664696000
2024-06-07,119.56310374577737,121.48178833918006,117.81812979264019,120.6791763305664,412386000
2024-06-10,120.16206756268633,122.88734731323206,116.80787124184927,121.5796127319336,313434100
2024-06-11,121.56961447657496,122.66781043299152,118.54460180006694,120.7110366821289,222551200
2024-06-12,122.85750238613136,126.6712162731191,122.36831081363356,124.99398040771484,299595000
2024-06-13,129.1770893049594,129.5864183097163,126.9507630154097,129.396728515625,260704500
2024-06-14,129.7461556011969,132.62140615970972,128.10885485479358,131.66299438476562,309320400
2024-06-17,132.7711675834259,133.50994014798042,129.36677515556565,130.76446533203125,288504400
2024-06-18,130.92420671975586,136.10566894087242,130.47495024767164,135.35690307617188,294335100
2024-06-20,139.56996619369176,140.52837801062054,129.30688285479897,130.56480407714844,517768400
2024-06-21,126.91083052082259,130.4150570517715,124.09547105255645,126.36173248291016,649445800
2024-06-24,123.03721316607121,124.25520694127758,117.84577252931442,117.91565704345703,476060900
2024-06-25,121.00055473590018,126.29183629953359,119.12365113611966,125.88250732421875,414192600
2024-06-26,125.92244138152637,127.9091645624237,122.39825146602374,126.19200134277344,362975900
2024-06-27,123.89579983596734,126.20200405764365,122.71774114608809,123.78598022460938,252571700
2024-06-28,124.3750052910358,127.49985213027985,122.54801473015355,123.33671569824219,315516700
2024-07-01,123.26681539905613,124.63455601247117,118.63445172722665,124.09545135498047,284885500
2024-07-02,120.93068040128533,123.20693510758652,120.83084647254137,122.46814727783203,218374000
2024-07-03,121.45982152361671,128.0689239501953,121.16031210370706,128.0689239501953,215749000
2024-07-05,127.17037714029854,128.63796690240682,125.47317775494123,125.62293243408203,214176700
2024-07-08,127.28018305804686,130.5547914439997,126.8309266857232,127.989013671875,237677300
2024-07-09,130.13552958791902,133.59982130546845,128.4383145629174,131.16383361816406,285366600
2024-07-10,133.80947706102873,134.87772388494272,132.20212541064316,134.6880340576172,248978600
2024-07-11,135.52661932549566,135.92595502009132,126.84093848175796,127.19036102294922,374782700
2024-07-12,128.04894535138322,131.70292655352904,127.01066335258953,129.02734375,252680500
2024-07-15,130.34514408452472,131.1737800395054,126.97070905664152,128.2286376953125,208326200
2024-07-16,128.22865593379024,128.82765950066548,124.37500690887067,126.1520767211914,214769500
2024-07-17,121.15031675281162,121.64949400158038,116.52793817127537,117.79584503173828,390086200
2024-07-18,121.64948329559192,122.19858126764932,116.36818755438776,120.89073181152344,320979500
2024-07-19,120.15197050658449,121.3999137142076,117.17687816504188,117.73595428466797,217223800
2024-07-22,120.15196240961751,123.86584236392231,119.66277083791101,123.33671569824219,258068900
2024-07-23,122.57796493987696,124.48482570104972,121.89908357161131,122.38827514648438,173911000
2024-07-24,118.97391446537992,119.75262982559674,113.25334693957731,114.06201171875,327776900
2024-07-25,112.85399693651604,116.43808604158575,106.12508953993542,112.09524536132812,460067000
2024-07-26,115.998801321254,116.00877938122822,111.39638688236367,112.87394714355469,293399100
2024-07-29,113.50292255867154,116.08865698961546,111.1168559757427,111.4063720703125,248152100
2024-07-30,111.33647720819822,111.80570498592243,102.37125913301429,103.5593032836914,486833300
2024-07-31,112.71421539482289,118.1452582531107,110.6975352036146,116.82743072509766,473174200
2024-08-01,117.33658921457162,119.9622661121472,106.6342290284255,109.03028106689453,523462300
2024-08-02,103.58926418951675,108.54110155423277,101.20319756374683,107.0934829711914,482027500
2024-08-05,91.90851250035082,103.239842127859,90.5407717150732,100.28470611572266,552842400
2024-08-06,103.66913927566458,107.53277436697496,100.38455930431832,104.0784683227539,409012100
2024-08-07,107.6325862976113,108.6209626457341,98.52759897070796,98.74723815917969,411440400
2024-08-08,101.83214285610454,105.32638305214735,97.35951205376053,104.79725646972656,391910000
2024-08-09,105.46617163856445,106.42459107060563,103.2598090475883,104.57763671875,290844200
2024-08-12,106.14505252549102,110.88723650727509,106.08515369153115,108.84060668945312,325559900
2024-08-13,112.25498209343158,116.03874655153282,111.39639661656214,115.94889068603516,312646700
2024-08-14,118.3349528711921,118.40483737868666,113.88229289564154,117.88569641113281,339246400
2024-08-15,118.56458490618095,123.03720888953038,117.27670666159618,122.6578369140625,318086700
2024-08-16,121.73934484458584,124.79430704362497,120.98059332504539,124.375,302589900
2024-08-19,124.0754979878485,129.7860870361328,123.21691249503145,129.7860870361328,318333600
2024-08-20,128.18871285893894,129.6662885004724,125.68284852553639,127.04061126708984,300087400
2024-08-21,127.11050029285343,129.13716641620366,126.45159025428316,128.28855895996094,257883600
2024-08-22,129.80605728559254,130.5348518103843,122.89743830728821,123.53638458251953,376189100
2024-08-23,125.65290085977209,129.38675225949072,125.01395457447234,129.15711975097656,323230300
2024-08-26,129.3568136594184,131.04402014788909,124.16536513619411,126.25192260742188,331964700
2024-08-27,124.84426014055718,128.98742611377176,123.67617933536566,128.0889129638672,303134600
2024-08-28,127.90916927864866,128.11883041927797,122.4381910717034,125.40330505371094,448101100
2024-08-29,121.16030028839229,124.22524823697073,116.51795043355128,117.39649963378906,453023300
2024-08-30,119.33330911013266,121.54965726206557,117.02711271158417,119.17357635498047,333751600
2024-09-03,115.81910218205195,116.01877002584149,107.11345013644421,107.82228088378906,477155100
2024-09-04,105.2365459269591,113.0836048738263,103.94866777615402,106.03522491455078,372470300
2024-09-05,104.8172363950656,109.46957200218677,104.58761912643209,107.03358459472656,306850700
2024-09-06,107.86222325429438,107.97204286084109,100.78388574677186,102.66079711914062,413638100
2024-09-09,104.70740474857429,106.3746623538231,103.51936821450626,106.29479217529297,273912000
2024-09-10,107.63259542371279,109.21998302790867,104.77730096516093,107.922119140625,268283700
2024-09-11,109.20999835891277,116.99716652085532,107.24323877137772,116.7176284790039,441422400
2024-09-12,116.65772468720782,120.6015672152285,115.2000032170065,118.95413970947266,366052700
2024-09-13,118.8942191250157,119.77284345041441,117.41652479583126,118.9141845703125,238358300
2024-09-16,116.60780299971084,117.99563392468083,114.18159360974668,116.59781646728516,248772300
2024-09-17,117.98564481894722,118.61466685067687,114.65085910577872,115.40966796875,231925900
2024-09-18,115.70920340593533,117.51637724987856,113.04337060887723,113.1931381225586,310318900
2024-09-19,117.16692604230532,119.47332749554481,117.06708357128667,117.68611907958984,293506400
2024-09-20,116.87737463970251,118.43494609535816,115.2099818009,115.81903076171875,382462400
2024-09-23,116.36816938577523,116.80747774675662,114.68080357526898,116.07862091064453,206228500
2024-09-24,116.33821493002908,121.60998405209612,115.19999404233639,120.68143463134766,354966800
2024-09-25,121.82962567540989,124.74507579152808,121.42026930294443,123.31730651855469,284692900
2024-09-26,126.60217747362803,127.47081527785902,121.6099781665842,123.84648132324219,302582900
2024-09-27,123.77659196922,123.83649592385486,119.07394109309165,121.21060180664062,271009200
2024-09-30,118.1254274144435,121.31045327548797,117.96568098439478,121.25054931640625,226553700
2024-10-01,121.58002164337385,122.24898215671047,115.60935538711523,116.81746673583984,302094500
2024-10-02,116.25834508658102,119.19375323018366,114.96037016184738,118.66458129882812,221845900
2024-10-03,120.73135113827638,124.16598683922703,120.15225416683853,122.65834045410156,277118000
2024-10-04,124.7450859792245,124.84492844767553,121.63993722019764,124.72511291503906,243678100
2024-10-07,124.7949925984476,130.43617917860723,124.75505409102715,127.52073669433594,346250200
2024-10-08,130.05679135695408,133.27176943610752,129.21810539760597,132.6826934814453,285722500
2024-10-09,133.9007832398008,134.31014727855833,131.1750464230449,132.44305419921875,246191600
2024-10-10,131.70420101079952,134.78937641455914,130.79561711338704,134.59967041015625,242311300
2024-10-11,133.80093033986074,135.5681732923908,133.4514855032485,134.58970642089844,170209500
2024-10-14,136.2570891265267,139.3822107684187,136.0873561782587,137.85459899902344,232347700
2024-10-15,137.65492238931424,138.35384259997033,128.53917525345673,131.39471435546875,377831000
2024-10-16,133.77097927850218,136.40686011825153,131.37472950963348,135.50827026367188,264879700
2024-10-17,139.12261346955344,140.6701983777905,136.65646567187503,136.71636962890625,306435900
2024-10-18,138.45366668655112,138.6833036103306,137.06583575895257,137.7847137451172,176090200
2024-10-21,137.91449801128798,143.4857940673828,137.78469595874105,143.4857940673828,264554500
2024-10-22,142.68705023422552,144.194689003585,141.55880826832362,143.36598205566406,226311600
2024-10-23,141.80843319617813,142.20780310560568,137.2455702792771,139.34228515625,285930000
2024-10-24,140.6003124972593,141.12948441968888,138.2439937495604,140.19094848632812,172354900
2024-10-25,140.71013437273555,143.90515439009727,140.5803475394567,141.31918334960938,205122100
2024-10-28,142.77689244758375,142.91667341121004,139.83149806296922,140.30076599121094,173586700
2024-10-29,140.0711235834401,142.0380513591214,138.68329276437913,141.02963256835938,157593600
2024-10-30,139.32230457284558,140.11108066863528,136.59656776236113,139.12261962890625,179418100
2024-10-31,137.38531644014395,137.3952953531048,131.90387669828044,132.5528564453125,270039600
2024-11-01,134.4898615442038,137.09579048755296,134.36007470728345,135.1887664794922,207127800
2024-11-04,136.99593186321135,138.7432015157854,135.3584911981984,135.83773803710938,187528200
2024-11-05,137.23555788662173,140.151000495864,137.11574997671616,139.6917266845703,160537400
2024-11-06,142.73696823952852,146.26145970555473,141.73852838547052,145.38282775878906,242043900
2024-11-07,146.1616297903136,148.69766066609404,145.9419717733186,148.6477508544922,207323300
2024-11-08,148.53787885494532,149.53631855776948,146.03178545046896,147.399658203125,175665800
2024-11-11,148.44804913905642,148.61779734270107,143.3460354590936,145.03338623046875,182325600
2024-11-12,146.55100082856893,149.41651833977537,145.78219787373922,148.0586395263672,198634700
2024-11-13,148.83744386134128,149.09703275189045,145.6723759576151,146.04180908203125,191903300
2024-11-14,147.40965302668107,148.76753177848803,145.32291747893564,146.53102111816406,194463300
2024-11-15,144.6439744081883,145.0134075079149,139.86145428913719,141.75848388671875,250132900
2024-11-18,139.28235565663965,141.32916034590224,136.93601597273187,139.93133544921875,221205300
2024-11-19,141.09952959154865,146.90046279249913,140.77004260660007,146.7806396484375,227834900
2024-11-20,147.1800476536701,147.3298075633363,142.5073404172706,145.66241455078125,309871700
2024-11-21,149.11700420524105,152.65147472524168,140.4804899844899,146.44117736816406,400946600
2024-11-22,145.70233282975542,146.93042492260167,140.8798813363258,141.72854614257812,236406200
2024-11-25,141.76848775116036,141.82839170792872,135.60811535874635,135.80780029296875,344941900
2024-11-26,137.4851722903331,139.08268223719327,135.45834049580736,136.70639038085938,190287700
2024-11-27,134.7993734587721,137.00593247284488,131.59438972010054,135.1288604736328,226370900
2024-11-29,136.56662423239774,139.13262238748922,135.837767286179,138.03433227539062,141863200
2024-12-02,138.6134117376161,140.23087948399635,137.60499293345052,138.41372680664062,171682800
2024-12-03,138.04431859051348,140.3207607312636,137.73480460641824,140.04119873046875,164414000
2024-12-04,141.77845844597738,145.56253876730494,140.07111960214385,144.91355895996094,231224300
2024-12-05,144.89360218968224,146.32146235801875,143.73532840807314,144.8436737060547,172621200
2024-12-06,144.38438282581114,145.482733396531,141.09928024490165,142.22760009765625,188505600
2024-12-09,138.76274660606958,139.74128080496888,136.92549436926976,138.6029815673828,189308600
2024-12-10,138.80268748950093,141.60850970621567,133.5904709096604,134.8685760498047,210020900
2024-12-11,137.15514511831444,139.9609519122756,135.00835767243856,139.10223388671875,184905200
2024-12-12,136.8755860719742,138.2335586289744,135.59749604609573,137.13519287109375,159211400
2024-12-13,138.73281333743972,139.3918327936691,132.34234795745746,134.0498046875,231514900
2024-12-16,133.9798724705664,134.19954557462145,130.2254857362255,131.80313110351562,237951100
2024-12-17,128.89747709842524,131.39374870651014,126.67080709010266,130.19554138183594,259410300
2024-12-18,133.6603731199009,136.49613412730267,128.08869283192976,128.71775817871094,277444500
2024-12-19,131.56348324328064,133.8301019554315,129.35678784338916,130.48509216308594,209719200
2024-12-20,129.61639349168385,135.0782365234782,128.02876854092193,134.4990997314453,306528600
2024-12-23,136.0767567466981,139.58151660116854,134.91848306333998,139.46170043945312,176053500
2024-12-24,139.79122163679293,141.6883821217358,138.44322876231024,140.01089477539062,105157000
2024-12-26,139.4916759779926,140.6399702368576,137.52461242783102,139.72132873535156,116205600
2024-12-27,138.34337590905767,138.81267619141968,134.50910636621433,136.8056640625,170582600
2024-12-30,134.628921256616,140.06081067569033,133.82013169900247,137.2849578857422,167734700
2024-12-31,137.82418093259395,137.86412982039317,133.6304466398302,134.08975219726562,155659200
2025-01-02,135.7971616952867,138.67287117142274,134.42920986844504,138.1037139892578,198247200
2025-01-03,139.8011917981673,144.6838985290199,139.52161059265686,144.25454711914062,229322500
2025-01-06,148.36840963752263,151.93309314343088,147.599568879649,149.2071533203125,265377400
2025-01-07,152.80175881286766,152.90161576007478,139.80117351290727,139.9309844970703,351782200
2025-01-08,142.36737985085435,143.73533196712347,137.3548616440079,139.90106201171875,227349900
2025-01-10,137.24501786219508,139.71133557177419,134.0198390250661,135.7073211669922,207602500
2025-01-13,129.7961674567433,133.29094833912805,129.31687225149923,133.0313262939453,204808900
2025-01-14,135.84711813885167,136.1766278538369,129.85606565410438,131.56350708007812,195590500
2025-01-15,133.45070049814615,136.24652830000477,131.0942190240699,136.03684997558594,185217300
2025-01-16,138.4332346192246,138.54307117698642,133.2909213149963,133.3708038330078,209235600
2025-01-17,136.4861555399997,138.29345383465838,135.25799411499426,137.504638671875,201188800
2025-01-21,138.95247218370304,141.6184885428412,136.88555189361048,140.61997985839844,197749000
2025-01-22,144.4442829463215,147.56960504936464,143.45575377479585,146.85069274902344,237651400
2025-01-23,144.83369562852502,147.0104373660888,143.50567717742842,147.00045776367188,155915500
2025-01-24,148.14871188401736,148.74782312135466,141.66840100577613,142.40728759765625,234657600
2025-01-27,124.61389107098998,128.20851331467108,116.52596435964819,118.24340057373047,818830900
2025-01-28,121.62833781559046,128.8076175411123,116.0766320864675,128.79763793945312,579666400
2025-01-29,126.31136108771855,126.70077890376498,119.87098248262683,123.51553344726562,467120600
2025-01-30,122.91641979157204,124.81358785050304,117.92387627755191,124.464111328125,392925500
2025-01-31,123.59540412169352,127.6593341751579,119.01225290264883,119.89093780517578,388161100
2025-02-03,114.57886776806536,118.39317051235568,112.84146484737198,116.48602294921875,371235700
2025-02-04,116.78557844108887,121.01925326141507,116.52596404203554,118.47306060791016,256550000
2025-02-05,121.57840827352435,124.81357397798935,120.57989968170043,124.64382934570312,262230800
2025-02-06,127.22998260932282,128.5779755110731,125.02327919443763,128.48809814453125,251483600
2025-02-07,129.02727661770408,130.17555536084487,124.81356929927793,129.64634704589844,228186300
2025-02-10,129.89598286165247,134.79866384787866,129.76618710141213,133.3708038330078,216989100
2025-02-11,132.38227086076154,134.2794310897884,130.82459989612354,132.60194396972656,178902400
2025-02-12,129.8261026458349,132.04279313100764,128.88750205027108,130.94442749023438,160278600
2025-02-13,131.36379338160384,136.29642846871295,130.97437562399168,135.08822631835938,197430000
2025-02-14,136.2764682668825,139.04234173663804,135.29793396994222,138.6429443359375,195479600
2025-02-18,141.05932980350207,143.226091877041,137.72429913092634,139.19210815429688,219176600
2025-02-19,139.30195061666387,141.14919790373787,137.01537227663152,139.02236938476562,167536000
2025-02-20,139.8211794831435,140.45024487315197,136.5860056380014,139.90106201171875,143903600
2025-02-21,139.83114145453473,141.2490371129211,133.83011008980694,134.22950744628906,228217600
2025-02-24,136.35635785611953,138.38332947991822,129.88602516626045,130.08572387695312,251381100
2025-02-25,129.78614928447132,130.0058224050398,124.25441810041912,126.44114685058594,271428700
2025-02-26,129.79614381296275,133.53055638167015,128.29838085048883,131.08421325683594,322553800
2025-02-27,134.7986782828192,134.80865788512716,119.83103458283094,119.9708251953125,443175800
2025-02-28,117.8439993429124,124.90345590188022,116.22642004317107,124.73371124267578,389091100
2025-03-03,123.32581202011416,123.51552349340123,112.11255593535711,113.88990020751953,411381400
2025-03-04,110.4849986041218,119.132080722439,109.94580294596078,115.81703186035156,398163300
2025-03-05,117.40465751759531,118.10361057672029,114.3392360416895,117.12507629394531,284337900
2025-03-06,113.3606904001891,115.17797591196373,110.05562907278994,110.40510559082031,321181900
2025-03-07,111.08409477767312,113.31077256873955,107.39959517379882,112.5219497680664,341755500
2025-03-10,109.73610869113334,111.68319762733589,105.30272758345134,106.82046508789062,366487400
2025-03-11,106.83044416478043,112.0726148635708,104.6137536218378,108.59780883789062,354865700
2025-03-12,113.96030532134075,116.59661034457649,112.72203506897391,115.57803344726562,323857500
2025-03-13,116.86621875800482,117.59520049683546,113.63075517539951,115.41825103759766,299033100
2025-03-14,118.44401014075397,121.70943054003341,117.98465480860956,121.49972534179688,277593500
2025-03-17,122.56822336901756,122.71801496792263,117.86481592318836,119.36271667480469,255501500
2025-03-18,117.83486627342975,118.85343549406599,114.37970924440411,115.26846313476562,299686900
2025-03-19,117.10588726826337,120.28143743378797,115.51811599486,117.35553741455078,273426200
2025-03-20,116.3868956857552,120.03178155242583,116.30700581426807,118.36412048339844,248829700
2025-03-21,116.77634740953133,117.82487338576216,115.25847035053427,117.5352783203125,266498500
2025-03-24,119.71223179694545,122.04896105750126,119.17298658297102,121.24009704589844,228452500
2025-03-25,120.38129943766901,121.12026171196634,118.75357566400419,120.52110290527344,167447200
2025-03-26,118.5638454632065,118.6736845133834,112.55226594608844,113.60079956054688,293463300
2025-03-27,111.19417323533278,114.28983351449122,110.50514401476981,111.27406311035156,236902100
2025-03-28,111.33397804410711,112.71205173921601,108.91736643615505,109.51652526855469,229872500
2025-03-31,104.98287310192077,110.80471613819729,103.50494855407659,108.22832489013672,299212700
2025-04-01,108.36813339033893,110.04578269736857,106.32100673854832,109.99585723876953,222614000
2025-04-02,107.1398479774266,111.82328673498283,106.64054773013802,110.26546478271484,220601200
2025-04-03,103.36514539947606,105.48217369637304,101.45781468579652,101.65753936767578,338769400
2025-04-04,98.7715853475697,99.98987163475934,91.98109847139008,94.17801666259766,532273800
2025-04-07,87.33758937851368,101.6075898958186,86.49876870613649,97.50334167480469,611041300
2025-04-08,103.66472218207363,105.70186824827938,94.3278084260022,96.16523742675781,476243400
2025-04-09,98.75161045127601,114.9389248904037,97.39351305704149,114.17000579833984,612918300
2025-04-10,109.21694044618194,110.70485307181585,99.01124202201945,107.4194564819336,437812400
2025-04-11,108.34816524857224,111.39390013023589,107.32959598741144,110.77476501464844,313417300
2025-04-14,113.95031245540225,114.13006086401796,108.91736463288024,110.55506896972656,264705000
2025-04-15,110.81470199440513,113.46099492172469,110.3453585264742,112.04297637939453,228966900
2025-04-16,104.40369410395131,106.64055727885454,100.30942561460589,104.3437728881836,397016900
2025-04-17,104.30381795694564,104.3237942331935,99.90998190333623,101.34796142578125,292517500
2025-04-21,98.63178134580184,99.30084956133582,94.90700524452377,96.7743911743164,288501100
2025-04-22,98.64174788818333,99.67030509782194,97.14384726396014,98.75159454345703,241004800
2025-04-23,104.37372584399631,104.6533403969428,101.87722447592722,102.5662612915039,247526000
2025-04-24,103.33518320501399,106.39089830035945,102.96569827687256,106.28105163574219,220815000
2025-04-25,106.70047033928225,111.76337496991529,105.58204256681438,110.85465240478516,251064700
2025-04-28,109.53649833991803,110.21554702841466,105.8716284785824,108.57784271240234,207708500
2025-04-29,107.51932238432487,110.04578062718967,107.2896485179105,108.867431640625,170444300
2025-04-30,104.32379376082015,108.76756286621094,103.93434018163836,108.76756286621094,235044600
2025-05-01,112.92174799120272,114.7791455573913,111.14424029465428,111.45380401611328,236121500
2025-05-02,114.02021557227994,115.23850951002053,113.21135153306962,114.33976745605469,190194800
2025-05-05,112.75199823422925,114.50952981770942,112.50234808238875,113.66072082519531,133163200
2025-05-06,111.32399638135878,114.57942879752297,110.66491633937942,113.38111114501953,158525600
2025-05-07,112.89179643623137,117.51531428959993,112.12286973799952,116.89617919921875,206758800
2025-05-08,118.08451525459601,118.51391379663416,115.68787240644632,117.20574951171875,198428100
2025-05-09,117.1857803819228,118.06455379711826,115.0487756801452,116.48676300048828,132972200
2025-05-12,121.79930827024249,122.82786560058594,120.11167093091153,122.82786560058594,225023300
2025-05-13,124.80509195257008,131.0363568449821,124.29580357204036,129.74815368652344,330430100
2025-05-14,133.01359953083553,135.2504704050171,131.4957223220182,135.15060424804688,281180800
2025-05-15,134.10207402259,136.10927107264604,132.47436533136158,134.64132690429688,226632600
2025-05-16,136.02938538145307,136.15920834538713,133.27325299959534,135.2105255126953,226542500
2025-05-19,132.20472197026768,135.67984750647184,132.20472197026768,135.38027954101562,193154600
2025-05-20,134.10203943343691,134.3916420789913,132.43437861355363,134.19192504882812,161514200
2025-05-21,132.87380141479636,137.20772462329396,130.4072565649854,131.61557006835938,270608700
2025-05-22,132.0449376190489,134.0621148614722,131.3658966044825,132.64410400390625,187344000
2025-05-23,129.81807417545411,132.49431639064062,128.97925335315108,131.10626220703125,198821300
2025-05-27,133.96223193245194,135.47012822500798,133.1234112887049,135.3103485107422,192953600
2025-05-28,135.83963178227697,137.05792567392893,134.60136161311598,134.621337890625,304021100
2025-05-29,142.0509238917618,143.28919402135628,137.71700129433316,138.99520874023438,369241900
2025-05-30,138.52589083809553,139.42462537646244,132.73400370907126,134.94091796875,333170900
2025-06-02,135.30038976970178,137.9266987725352,135.21050414256473,137.187744140625,197663100
2025-06-03,138.58576663563605,141.80126124338923,137.7569264491721,141.02235412597656,225578800
2025-06-04,141.9910314762443,142.19074856243475,139.34473056255086,141.72140502929688,167120800
2025-06-05,141.97103980754113,143.79848066110154,138.63571759363617,139.79409790039062,231397900
2025-06-06,142.31055518995854,143.0695013401578,141.31195466595716,141.52166748046875,153986200
2025-06-09,142.98961854621228,144.7970831461155,141.74136782943543,142.43040466308594,185114500
2025-06-10,142.4903028059026,144.08805440763362,141.33192260937975,143.75852966308594,155881900
2025-06-11,144.41764573923192,144.79714515361243,141.6812848999734,142.6400146484375,167694000
2025-06-12,141.78117540604916,144.80714416503906,141.66133988719625,144.80714416503906,162365000
2025-06-13,142.2904745799642,143.38901749969733,140.6626531024409,141.78115844726562,180820600
2025-06-16,143.159329390418,145.98555166191812,143.00951976951112,144.49754333496094,183133700
2025-06-17,144.29781716982143,145.02684191909495,143.58875484653294,143.9282989501953,139108000
2025-06-18,143.81843788371728,145.4562558084884,142.92962233744194,145.28648376464844,161494100
2025-06-20,145.2565234707711,146.00552584195606,142.46024490398213,143.65866088867188,242956200
2025-06-23,142.31046402404658,144.58743022935184,141.84108794116847,143.97824096679688,154308900
2025-06-24,145.36637857516104,147.76319531946535,145.3064608232896,147.70326232910156,187566100
2025-06-25,149.07147669890958,154.24458003760031,149.0614802461701,154.10476684570312,269146500
2025-06-26,155.77251147358507,156.5115326130379,153.795149532093,154.8137969970703,198145700
2025-06-27,155.83242906789442,158.49889084686143,155.05346784206984,157.5401611328125,263234500
2025-06-30,158.1893045239527,158.4489684480595,155.7525627920192,157.7798614501953,194580300
2025-07-01,156.08211312403307,156.9909063970138,151.2885097592641,153.09609985351562,213143600
2025-07-02,152.77650803107835,157.39037305932783,152.7665268185242,157.04083251953125,171224100
2025-07-03,158.15934077500395,160.76586971787668,157.56014800239086,159.1280517578125,143716100
2025-07-07,157.98957042846925,159.09809459400483,157.1307137305003,158.02952575683594,140139000
2025-07-08,159.11806346268276,160.00687898854957,158.17931139836438,159.78717041015625,138133000
2025-07-09,161.0055497766517,164.2012901564699,160.9456320255445,162.66334533691406,183656400
2025-07-10,164.10145299216728,164.28120626813552,161.39505073108006,163.88174438476562,167704100
2025-07-11,163.50223698698784,167.66668863474402,163.25256951238498,164.7006378173828,193633300
2025-07-14,165.15003478890583,165.2698855378492,161.80449980139463,163.85177612304688,136975800
2025-07-15,170.96229989605533,172.17068192225182,168.97494134085255,170.4729461669922,230627400
2025-07-16,170.83247408910898,171.52155877211666,168.67534340451815,171.14205932617188,158831500
2025-07-17,171.79120519874627,173.92835823409905,170.60278554683865,172.7698974609375,160841100
2025-07-18,173.40903901870553,174.01822826089457,171.03219980516573,172.18067932128906,146456400
2025-07-21,172.52022673163836,173.1493936504508,170.77255439137573,171.1520538330078,123126100
2025-07-22,171.1120956061046,171.1620321483939,164.3610926233022,166.80783081054688,193114300
2025-07-23,169.30450383433347,171.03219846298632,167.74658125695927,170.55284118652344,154082200
2025-07-24,172.21063723590794,173.59878776513457,171.07215417768242,173.5089111328125,128984600
2025-07-25,173.3790956402227,174.4876199263022,172.7299662493585,173.2692413330078,122316800
2025-07-28,173.78854323017163,176.7645753161742,173.73860668662087,176.51490783691406,140023500
2025-07-29,177.72327281792994,179.1413820135887,174.78718135767542,175.27651977539062,154077500
2025-07-30,176.27521653092245,179.65072563032518,175.80584046425426,179.03155517578125,174312200
2025-07-31,182.65671589592668,183.05619299307685,175.69598557745124,177.63340759277344,221685400
2025-08-01,173.85844036702034,176.3051785902702,170.66269971388826,173.4889373779297,204529000
2025-08-04,174.9270307365029,179.9603205403546,174.28788258302183,179.76058959960938,148174600
2025-08-05,179.38107983649965,180.0202279532499,175.6660266458598,178.02288818359375,156407600
2025-08-06,176.09546439011424,179.66070799076476,176.01556896990587,179.1813507080078,137192300
2025-08-07,181.32849521637667,183.63542017290519,178.56217541570945,180.52955627441406,151878400
2025-08-08,181.30852119793246,183.05619350177665,180.16004168373897,182.4569854736328,123396700
2025-08-11,181.80785936297346,183.59547178906817,180.01025048518693,181.81784057617188,138323200
2025-08-12,182.7166509044063,184.234618174838,179.22130626788388,182.9163818359375,145485700
2025-08-13,182.37707840680864,183.72528876478472,179.11143905360885,181.34844970703125,179871700
2025-08-14,179.51090820642335,182.7765629312542,179.22130065055427,181.77789306640625,129554000
2025-08-15,181.63806666422465,181.65802908835272,177.80316308129093,180.2099609375,156602200
2025-08-18,180.3597704757432,182.69665413107447,180.34977402519155,181.76788330078125,132008000
2025-08-19,182.1873336556069,182.25724785967336,175.25657768801665,175.4063720703125,185229200
2025-08-20,174.93701244991922,175.76591033294957,168.57548977611862,175.1667022705078,215142700
2025-08-21,174.61742144674352,176.66468235557974,173.57879631630271,174.7472381591797,140040900
2025-08-22,172.38040151215634,178.35244288234992,170.97227338198675,177.7532501220703,172789400
2025-08-25,178.11278178635797,181.6680441727565,176.33515059315872,179.57083129882812,163012800
2025-08-26,179.82049655621498,182.14739921043056,178.57215920342722,181.52822875976562,168688200
2025-08-27,181.7379436715125,182.24727507184866,178.86178472902657,181.35845947265625,235518900
2025-08-28,180.5794881684096,184.22462699678687,176.17535050737845,179.9303436279297,281787800
2025-08-29,177.87308356836775,177.91302365652732,172.91967451951007,173.94830322265625,243257900
2025-09-02,169.77387989783634,172.15071909272382,166.99757884564528,170.55284118652344,231164900
2025-09-03,170.83246833565184,172.18067877773825,168.6553752976972,170.39305114746094,164424900
2025-09-04,170.34313981864827,171.6314173426514,169.18467902530818,171.4316864013672,141670100
2025-09-05,167.8065026792569,168.80517258283567,163.8517783946414,166.7978515625,224441400
2025-09-08,167.32715219255022,170.73262035939155,167.12742125141602,168.0861358642578,163769100
2025-09-09,168.86509051949957,170.75257602974241,166.51822538667548,170.53286743164062,157548400
2025-09-10,176.4050468150653,179.05151589898875,175.2366048852674,177.09413146972656,226852000
2025-09-11,179.4511179779685,180.050359799309,176.2551971559751,176.94432067871094,151159300
2025-09-12,177.5435512454145,178.37249577533527,176.22522541777622,177.59349060058594,124911000
2025-09-15,175.44623766911022,178.62219505337407,174.28771156721004,177.52359008789062,147061600
2025-09-16,176.77455192141375,177.2739150624347,174.1578939390572,174.65725708007812,140737800
2025-09-17,172.42008695754546,172.97937117956877,168.1954794867923,170.0730743408203,211843800
2025-09-18,173.7583871307785,176.87442336525442,172.73969733735942,176.01551818847656,191763300
2025-09-19,175.54609885389235,177.8531538116004,174.95683884616588,176.4449462890625,237182100
2025-09-22,175.07671637070237,184.31493427279133,174.48747153493287,183.37612915039062,269637000
2025-09-23,181.73821238324945,182.18763613663097,175.9855548133895,178.2027130126953,192559600
2025-09-24,179.54100413716742,179.5509859124944,175.17656050171237,176.74456787109375,143564100
2025-09-25,174.25773588995062,180.0303718676576,172.90946471941734,177.46365356445312,191586700
2025-09-26,177.94304916264082,179.54101721374016,174.70717071687335,177.96302795410156,148573700
2025-09-29,180.2001578366391,183.76561762390497,180.09031258631592,181.6183624267578,193063500
2025-09-30,181.848063160254,187.11135435179565,181.2488213615314,186.3423309326172,236981000
2025-10-01,185.00405809785752,187.9003581593927,183.665753326035,187.0015106201172,173844900
2025-10-02,189.35850113919957,190.80665113886596,187.82045419605362,188.64939880371094,136805800
2025-10-03,188.9490194719917,190.11752734214045,185.14387494216948,187.38101196289062,137596900
2025-10-06,185.2637075602064,186.9914995955013,183.09647356463947,185.30364990234375,157678100
2025-10-07,185.99279275388864,188.8191899838309,183.76563739379807,184.80430603027344,140088000
2025-10-08,186.33235229407293,189.35849142592937,186.30237648821537,188.86911010742188,130168900
2025-10-09,191.9851285494953,195.05122522476873,190.816620752273,192.32470703125,182997200
2025-10-10,193.26350393527704,195.37081685366852,181.81811007166195,182.92669677734375,268774400
2025-10-13,187.73056363822363,189.8678370807686,185.72312947730666,188.0801239013672,153482800
2025-10-14,184.5346420566055,184.56460262310264,179.47109296765566,179.80067443847656,205641400
2025-10-15,184.56460739230218,184.63451030281777,177.06416377208902,179.60093688964844,214450500
2025-10-16,181.99786281424815,183.04652832403656,179.5410050089342,181.57839965820312,179723300
2025-10-17,179.950466813544,183.8654866543178,179.52102189247293,182.98660278320312,173135200
2025-10-20,182.89672994644732,184.96408521149223,181.4985041529273,182.4073486328125,128544700
2025-10-21,182.55715836486127,182.55715836486127,179.5709767314294,180.9292449951172,124240200
2025-10-22,180.9092744574391,183.2063479075077,176.53484855405173,180.0503692626953,162249600
2025-10-23,180.19017423035882,182.7968501503985,179.5609718650331,181.92796325683594,111363700
2025-10-24,183.60580497197222,187.23118563906056,183.26624175096782,186.02272033691406,131296700
2025-10-27,189.74798924630224,191.75542334831323,188.18996363054165,191.24607849121094,153452700
2025-10-28,192.8040950113927,202.8912204382634,191.66554775855593,200.77392578125,297986200
2025-10-29,207.715080745974,211.9197249544373,204.51915980095313,206.77627563476562,308829600
2025-10-30,204.88867704045037,205.89740027142088,201.1534507471854,202.63156127929688,178864400
2025-10-31,206.18701808603035,207.70508615602077,201.81260775338424,202.23207092285156,179802200
2025-11-03,207.81493866642379,211.07078042213968,205.29814450690722,206.61647033691406,180267300
2025-11-04,202.7414122562426,203.71017785907821,197.67786326579136,198.43690490722656,188919300
2025-11-05,198.51682788141107,202.66153586727006,194.40206522559174,194.96136474609375,171350300
2025-11-06,196.16981228388872,197.3682807609907,186.14260723026618,187.84043884277344,223029800
2025-11-07,184.66446402160466,188.08012095739036,178.68210397488247,187.9103240966797,264942300
2025-11-10,194.8614791513322,199.68532876518447,193.5431531870904,198.7964630126953,198897100
2025-11-11,194.91140808059743,195.17107140540628,191.05632435423007,192.91395568847656,176483300
2025-11-12,195.4706988945922,195.64048052491762,190.88654915774768,193.5531463623047,154935300
2025-11-13,190.8066439854392,191.1961465947379,183.61581837719615,186.62197875976562,207423100
2025-11-14,182.62706393415107,190.76667594021126,180.34996953708986,189.92774963378906,186591900
2025-11-17,185.73311754704963,188.75925679396335,184.08522536919267,186.36231994628906,173628900
2025-11-18,183.14641371605563,184.5646030780414,179.42115405263684,181.1289825439453,213598900
2025-11-19,184.5546024199349,187.62069907956393,182.5971076589588,186.28240966796875,247246400
2025-11-20,195.70039225393623,195.7503316108911,179.62090987236718,180.40989685058594,343504800
2025-11-21,181.00913979899244,184.32490281868388,172.70971237567008,178.6521453857422,346926200
2025-11-24,179.2613745727385,183.26626122561635,176.25519889972114,182.31747436523438,256618300
2025-11-25,174.68719385821646,177.93305383278917,169.33402110596253,177.59349060058594,320600300
2025-11-26,181.3986455127995,182.67701383620675,178.01296428701193,180.03038024902344,183852000
2025-11-28,178.7819702942556,179.0616124091028,176.27517303639212,176.7745361328125,121332800
2025-12-01,174.5373804488289,180.07033197943204,173.45875435362808,179.69081115722656,188131000
2025-12-02,181.52847225165078,185.4235136530611,179.7707195907086,181.22886657714844,182632200
2025-12-03,180.8493441127912,182.21759414523953,178.88185225801445,179.36123657226562,165138000
2025-12-04,181.3987504426599,184.2952268834804,179.74078419330877,183.1566162109375,167364900
2025-12-05,183.66598269849337,184.43504894381925,180.6896172324408,182.1877899169922,143971100
2025-12-08,182.41751577930148,187.7709870845105,182.17780264974235,185.323974609375,204378100
2025-12-09,185.33395229946427,185.4937610485011,183.09669077375298,184.7446746826172,144719700
2025-12-10,184.74467463147755,185.2540478736652,181.8182359713298,183.55612182617188,162785400
2025-12-11,180.060377409269,181.09911899111663,176.40483245042134,180.70957946777344,182136600
2025-12-12,180.88937065842447,182.59729422559735,174.40727135263347,174.80679321289062,204274900
2025-12-15,177.7232402429772,178.20265125135413,174.8167814768023,176.0752410888672,164775600
2025-12-16,176.0452813318811,178.27257580423,174.68693742218818,177.50350952148438,148588100
2025-12-17,175.88548356566727,175.91544580087532,170.10252832729947,170.7317657470703,222775500
2025-12-18,174.3173807251694,175.93540231223645,171.6106906687844,173.9278564453125,176096000
2025-12-19,176.45477147838753,181.2289470656948,176.12517166919682,180.76951599121094,324925900
2025-12-22,183.6959478478248,183.935660967629,182.1278683380167,183.4662322998047,129064400
2025-12-23,182.7471036477755,189.099356383118,182.67718160782493,188.97950744628906,174873600
2025-12-24,187.71105179508496,188.67987134928,186.36269028434322,188.38023376464844,65528500
2025-12-26,189.68863982420257,192.45526970950266,187.7709805748158,190.2978973388672,139740300
2025-12-29,187.4813341773615,188.53004285167208,185.68352392965699,187.99070739746094,120006100
2025-12-30,188.01069817319677,188.75978454971104,186.70228116711607,187.31153869628906,97687300
2025-12-31,189.33907943283364,190.32786369396138,186.26282955778902,186.27281188964844,120100500
2026-01-02,189.60873357074172,192.69496568024334,188.03065649528438,188.6199493408203,148240500
2026-01-05,191.52640398377517,193.39413642527967,185.9232371396652,187.89083862304688,183529700
2026-01-06,190.2879203285983,191.935904267691,186.5924305704924,187.0119171142578,176862600
2026-01-07,188.34028795646717,191.13686475404677,186.3327268208183,188.87962341308594,153543200
2026-01-08,188.87963997886857,189.31910643994627,183.48622397884648,184.81459045410156,172457000
2026-01-09,184.8545293482555,186.1129888751533,183.44624341374129,184.63479614257812,131327500
2026-01-12,182.99680052530172,186.89204340473577,182.79704721562317,184.71470642089844,137968500
2026-01-13,184.7746378408776,187.88084992986475,183.17658082293008,185.58364868164062,160128900
2026-01-14,184.0954557419801,184.23528457453645,180.57973978602013,182.91688537597656,159586100
2026-01-15,186.27281050248445,189.46890929684608,186.103019420931,186.8221435546875,206188600
2026-01-16,188.84966224271636,190.20800608356458,185.85331687968656,186.0031280517578,187967200
2026-01-20,181.67839380225757,182.1578200140757,177.39362681050815,177.8530731201172,223345300
2026-01-21,178.8318922054109,185.15418310637224,178.18267486272933,183.09669494628906,200381000
2026-01-22,184.52493568425237,185.94320399708803,183.70592730123704,184.6148223876953,139636600
2026-01-23,187.27158465782284,189.3690325020707,186.59242035942677,187.44137573242188,142748100
2026-01-26,186.93200550896393,188.88960930416175,185.76343263076708,186.2428436279297,124799600
2026-01-27,187.01190478720812,189.76853699604698,185.47377232125424,188.29034423828125,143711600
2026-01-28,191.03700193406064,192.1156881225865,189.60873601436586,191.2866973876953,148552700
2026-01-29,191.10690928022157,193.244301759811,185.83334250366076,192.27548217773438,171764400
2026-01-30,190.97707539362895,194.25307849059112,189.23918956869622,190.8971710205078,179489500
2026-02-02,186.97195532434574,190.0681850900544,184.6547894061738,185.38389587402344,165794100
2026-02-03,186.01312186532803,186.04308409913696,176.01530661894333,180.12030029296875,204019600
2026-02-04,179.24138264216026,179.36123157735668,171.70057725198066,173.97779846191406,207014100
2026-02-05,174.71688060291817,176.604592702014,170.82163795446576,171.6706085205078,206312900
2026-02-06,176.47474973392875,186.77218713146127,174.3872995354016,185.1841278076172,231346200
2026-02-09,184.03552934237337,193.42408742490235,183.7259094221984,189.80848693847656,196387400
2026-02-10,191.1468699498802,192.24552080983682,187.89083145679504,188.31031799316406,136764800
2026-02-11,192.2155516352278,193.0245624433192,188.54004197866425,189.8184814453125,144192700
2026-02-12,192.79485804306626,193.3741533411549,186.28279615580217,186.7122802734375,189932500
2026-02-13,187.25162028422807,187.27160018883805,181.36879569323744,182.58731079101562,161888000
2026-02-17,181.5285959992061,186.92201173748992,178.9617194034806,184.7446746826172,162276900
2026-02-18,188.52005804720127,190.13807962880853,186.53247684939709,187.75099182128906,164749100
2026-02-19,186.8321237354349,188.20044994409497,185.43383529156333,187.6710968017578,126554500
2026-02-20,186.342734664171,190.09814888521723,185.71349722992974,189.58877563476562,178422300
2026-02-23,191.16683922839312,193.71373598373438,189.3490641935772,191.31666564941406,171584800
2026-02-24,191.2567378902843,193.53395924081437,187.171708627792,192.61508178710938,175123600
2026-02-25,194.2131137016724,197.38924768090467,193.5539140704845,195.32176208496094,250637100
2026-02-26,194.03334246429932,194.0533071271398,184.09546670933034,184.66476440429688,360807900
2026-02-27,181.0292033274304,182.36756729714082,176.1651407824763,176.97415161132812,311636500
2026-03-02,174.79680413295333,183.2365228635074,174.42725972943845,182.25770568847656,209095300
2026-03-03,178.27256086028186,180.67961330625172,176.70446619030554,179.83065795898438,178099400
2026-03-04,180.22019302825058,184.47499807110998,179.84065106191534,182.8170166015625,177731200
2026-03-05,180.94929874286032,183.83577756501342,177.6633132926684,183.1166534423828,198779700
2026-03-06,179.6209064601764,182.5373473445644,176.60459654479845,177.60337829589844,189021900
2026-03-09,176.61458806542097,182.68718325690133,175.34613090826778,182.427490234375,177213600
2026-03-10,182.17779858894656,186.21288569214076,181.7882742872215,184.544921875,179118500
2026-03-11,185.6935753620157,187.40157611978597,184.23526832414757,185.8134307861328,145280400
2026-03-12,183.83574790315467,184.72471123223085,181.53842231669145,182.9268035888672,155762700
2026-03-13,184.70472270189353,185.87335881208497,179.73052445930352,180.0401611328125,160988400
2026-03-16,182.7570048934839,188.66012868968363,181.19882333613754,183.0067138671875,217307400
2026-03-17,184.8445618023411,185.1841623368753,181.4684917186082,181.71820068359375,182497800
2026-03-18,182.26756764801692,183.16652908726184,180.12007659614625,180.1899871826172,156683100
2026-03-19,177.80276430906588,179.77047215436778,175.5853475010711,178.3521270751953,170968500
2026-03-20,177.79278016290237,178.05247199547227,171.52009228430225,172.4989471435547,241323500
2026-03-23,177.0536408486584,178.16234927411983,174.55655117338722,175.43553161621094,182836300
2026-03-24,174.6264683383626,176.01484951930743,173.777451794472,174.99603271484375,147667800
2026-03-25,176.89383761026875,181.00903649280792,176.64412864426953,178.47198486328125,162602100
2026-03-26,175.86504388946904,176.30451888215924,170.9407749866337,171.04066467285156,186152200
2026-03-27,169.80209026823204,170.77096223786808,166.81556566439232,167.32498168945312,196212700
2026-03-30,168.58352034150624,169.25273855906806,164.07877596313077,164.97772216796875,185627000
2026-03-31,166.77563225072552,174.41672082635512,166.7656493784466,174.1969757080078,226181300
2026-04-01,175.79511913229018,177.16351944386196,174.54657425208924,175.54541015625,168132000
2026-04-02,171.97954556798163,177.28337661769746,171.170490985778,177.18348693847656,143143200
2026-04-06,176.953760088437,177.58301630024127,175.55538077559635,177.43319702148438,107564300
2026-04-07,175.52541836668527,178.0225079733855,173.4578360976707,177.89266967773438,132534900
2026-04-08,184.28522303450282,185.0443328296099,180.09011531444295,181.8680419921875,147732700
2026-04-09,181.6283100364998,183.86570786090292,180.40972906189933,183.69590759277344,116428500
2026-04-10,184.09543736125556,189.77881591864653,184.08545448929232,188.41041564941406,160459500
2026-04-13,185.81343445538195,189.43921351677633,185.52377876103736,189.08961486816406,133648200
2026-04-14,190.61783708872017,196.28123474121094,190.54792650193752,196.28123474121094,161307000
2026-04-15,196.31119931453722,200.166706463506,195.5121427945441,198.63848876953125,185338400
2026-04-16,197.20015246424893,199.6173486077875,195.58204328148997,198.1190948486328,134012900
2026-04-17,199.66727910555997,201.46518667284232,199.03802288778024,201.44520568847656,160324400
2026-04-20,199.7471876833392,201.9346406188145,197.6096795882359,201.82476806640625,119381400
2026-04-21,201.89470437258373,202.51397775047528,198.76834314349978,199.64732360839844,107945300
2026-04-22,200.75603026628932,202.26426696777344,198.76834136586132,202.26426696777344,107501000
2026-04-23,202.22431724671497,203.59271751351986,196.99041179336916,199.4075927734375,113561800
2026-04-24,199.72721882416832,210.70441481695215,199.57738430538978,208.0275421142578,214134400
2026-04-27,209.4059296471886,216.5775789683675,207.13858324348888,216.3578338623047,187172400
2026-04-28,209.24613572912838,214.4800260296235,207.95762889823203,212.92184448242188,180275400
2026-04-29,212.4523894424142,212.47237042757808,207.33835459433345,209.00640869140625,123711800
2026-04-30,209.68560172993963,210.05518135667162,198.46867945247158,199.33767700195312,225239200
2026-05-01,201.0456862731779,202.76368521944246,196.89052532216473,198.21897888183594,128647000
2026-05-04,199.26774870200734,201.49514834231712,194.51329562325486,198.24893188476562,125368100
2026-05-05,199.06798360144137,200.00689171848026,195.80178617585554,196.271240234375,113406600
2026-05-06,199.65729931010404,208.0275486883452,198.37879062945476,207.5880584716797,188362800
2026-05-07,208.0974592073836,213.95063795079753,206.25960488465944,211.2537841796875,168307900
2026-05-08,212.7820061205359,217.5464575316693,212.642169707093,214.94947814941406,136421400
2026-05-11,213.79081709888328,222.04121091513153,213.64099781886503,219.18453979492188,160685800
2026-05-12,218.29558003818886,223.48952345691538,214.6698009927987,220.52297973632812,159176600
2026-05-13,224.6681467194947,227.57476278227756,221.3120728008497,225.56710815429688,150405400
2026-05-14,229.58243343997336,236.26463268418732,229.03307065698914,235.465576171875,180782900
2026-05-15,229.49252726355346,231.23050718880455,223.97896415639156,225.05770874023438,180977600
2026-05-18,229.60240180074675,229.7322553439391,218.1157890335498,222.0612030029297,146280900
2026-05-19,219.36432694236115,224.21866983705235,217.6563261548179,220.35317993164062,140948200
2026-05-20,222.9201831873553,225.8667612103758,220.2433103590018,223.20985412597656,184201600
2026-05-21,222.03121805596584,227.13526994336974,217.6762930684293,219.25445556640625,203381800
2026-05-22,220.64283833374193,220.75271088945502,214.54994865072538,215.07933044433594,169275700
2026-05-26,216.28791550863897,217.92600574795006,211.75320730356688,214.60987854003906,187202600
2026-05-27,213.87072806866348,213.90069192498567,208.53694826896,212.35250854492188,167601200
2026-05-28,211.03403615445995,215.2691056248748,210.97410844231206,214.00057983398438,143996000
2026-05-29,214.33020874183248,217.6063892667686,210.88422794322287,210.8942108154297,289410600
2026-06-01,215.47885750139108,224.60821672379726,215.44889364463796,224.09881591796875,212850700
2026-06-02,226.91551751623658,232.00958636747916,221.09231801448135,222.56060791015625,193362900
2026-06-03,221.46188713313538,222.56061267075634,214.2602739078757,214.5,160907000
2026-06-04,213.91000366210938,221.60000610351562,210.97000122070312,218.66000366210938,169022200
2026-06-05,214.52999877929688,214.8699951171875,204.3300018310547,205.10000610351562,219655500
2026-06-08,210.17999267578125,210.47000122070312,206.0,208.63999938964844,138372800
2026-06-09,210.6199951171875,211.39999389648438,199.33999633789062,208.19000244140625,180962500
2026-06-10,204.42999267578125,207.22000122070312,199.9199981689453,200.4199981689453,161746600
2026-06-11,201.49000549316406,205.66000366210938,199.5399932861328,204.8699951171875,158643200
2026-06-12,204.86000061035156,207.07000732421875,203.44000244140625,205.19000244140625,112001800
2026-06-15,208.9199981689453,212.7100067138672,208.33999633789062,212.4499969482422,149936700
2026-06-16,211.17999267578125,211.49000549316406,207.2899932861328,207.41000366210938,125694100
2026-06-17,208.52999877929688,209.2100067138672,203.0800018310547,204.64999389648438,128363500
2026-06-18,207.3300018310547,211.38999938964844,206.5,210.69000244140625,241272000
2026-06-22,211.44000244140625,213.99000549316406,207.72000122070312,208.64999389648438,122041400
2026-06-23,202.1699981689453,203.77000427246094,200.0,200.0399932861328,153496200
2026-06-24,200.1199951171875,201.6699981689453,196.5800018310547,199.0,151810700
2026-06-25,200.0800018310547,200.8000030517578,192.1300048828125,195.74000549316406,149550000
2026-06-26,193.1199951171875,195.5500030517578,191.22000122070312,192.52999877929688,179304100
2026-06-29,193.85000610351562,196.17999267578125,189.8000030517578,194.97000122070312,148835700
2026-06-30,197.24000549316406,200.6300048828125,195.11000061035156,200.08999633789062,166476700
2026-07-01,196.1999969482422,199.85000610351562,193.4499969482422,197.5800018310547,146147600
2026-07-02,197.13999938964844,200.05999755859375,192.35000610351562,194.8300018310547,142068700
2026-07-06,194.4199981689453,197.5500030517578,193.99000549316406,195.5500030517578,108999000
2026-07-07,192.3699951171875,198.41000366210938,191.13999938964844,196.92999267578125,124154600
2026-07-08,195.17999267578125,205.16000366210938,195.05999755859375,204.1199951171875,147419100
2026-07-09,204.4600067138672,204.58999633789062,198.9600067138672,202.77999877929688,132037400
2026-07-10,202.0,211.0,201.9199981689453,210.9600067138672,148421000
2026-07-13,208.5399932861328,210.57000732421875,203.0,203.52999877929688,121411000
2026-07-14,208.1999969482422,212.5500030517578,203.8000030517578,211.8000030517578,124379600
2026-07-15,211.9600067138672,213.80999755859375,206.0399932861328,212.5,124797200
2026-07-16,210.1699981689453,211.0800018310547,205.85000610351562,207.39999389648438,122986100
2026-07-17,202.63999938964844,206.64999389648438,197.97000122070312,202.80999755859375,144281900
2026-07-20,205.8699951171875,207.74000549316406,202.27999877929688,203.27999877929688,88701500
2026-07-21,207.5399932861328,208.64999389648438,204.00999450683594,207.2899932861328,108685600
2026-07-22,205.80999755859375,214.38999938964844,204.9499969482422,212.05999755859375,137645600
2026-07-23,209.4600067138672,210.8699951171875,205.9600067138672,208.75999450683594,110505300
2026-07-24,207.4499969482422,211.91000366210938,204.80999755859375,206.83999633789062,114836800
2026-07-27,208.1999969482422,208.75,195.44000244140625,196.50999450683594,154353700
2026-07-28,195.0,198.6999969482422,192.74000549316406,197.00999450683594,134111500
2026-07-29,195.85000610351562,197.07000732421875,190.00999450683594,190.00999450683594,147680800
2026-07-30,193.4499969482422,197.25,191.52000427246094,195.0399932861328,129010200
2026-07-31,198.44000244140625,202.0,194.9499969482422,200.75,139659700
